<?xml version="1.0" standalone="no"?>
<!DOCTYPE s1 SYSTEM "./dtd/document.dtd">

<s1 title="Feedback Procedures">
	<s2 title="Questions or Comments">
		<p>For general questions or comments, write to the &javaparsername;-user mailing list.
		If you wish to discuss more technical issues or join the Xerces developer community, please subscribe to the &javaparsername;-dev list.</p>
		<p>If you are submitting a bug (and bug reports are definitely appreciated!), 
			please provide the following information:</p>
		<ul>
			<li>Version number of &javaparsername; (&javaparserversion;?) </li>
			<li>Version number of JDK (1.1.8? 1.2?)</li>
			<li>Sample XML file that causes the bug</li>
			<li>Sample Schema file (if required to recreate the bug)</li>
			<li>Sample DTD file (if required to recreate the bug)</li>			
		</ul>
		<p>Please also see the <jump href="faq-general.html#bugzilla">faq entry</jump> that covers bug submissions.</p>
	</s2>
</s1>
