<?xml version="1.0" standalone="no"?>
<!DOCTYPE s1 SYSTEM "./dtd/document.dtd">

<s1 title="&javaparsernamelong; Readme">
	<s2 title="&javaparsernamelong; &javaparserversion; Release">
		<p>The &javaparsernamelong; &javaparserversion; supports the
		<jump href="http://www.w3.org/TR/1998/REC-xml-19980210">XML 1.0</jump> 
		recommendation and contains advanced parser functionality, such as 
        support for the W3C&apos;s 
		<jump href="http://www.w3.org/XML/Schema.html">XML 
        Schema recommendation version 1.0</jump>, 
		<jump href="http://www.w3.org/TR/DOM-Level-2/">DOM Level 2 version 1.0</jump>, and 
		<jump href="http://www.megginson.com/SAX/">SAX Version 2</jump>, 
		in addition to supporting the industry-standard 
		<jump href="http://www.w3.org/TR/1998/REC-DOM-Level-1-19981001/level-one-core.html">DOM Level 1</jump> and 
		<jump href="http://www.megginson.com/SAX/SAX1/">SAX version 1</jump>
		APIs.</p>
        <p>
        Note that because some of the standards
		are still not complete, the stable API will definitely be 
		different from its current form in &javaparsername; &javaparserversion;. 
		This is your chance to give us 
		feedback on the features that are important to you, and let us know
		whether the APIs that we are providing are the right ones. Please 
		direct your feedback to the &javaparsername; mailing list.</p>

	</s2>
      <s2 title='Extracting the &javaparsername; &javaparserversion; Source'>
           <p>
            The Xerces 1.x codebase has been moved to a branch of the CVS 
            module. In order to extract the Xerces 1.x code, you must specify 
            the "xerces_j_1" branch using the "-r" option. For example, to
            extract the Java sources for Xerces 1.x in a directory called
            "xerces1", enter the following commands: (each "cvs" command
            is entered on a single line; the password for the cvs login is
            "anoncvs")
           </p>
            <source>
cvs -d :pserver:anoncvs@cvs.apache.org:/home/cvspublic
login

cvs -d :pserver:anoncvs@cvs.apache.org:/home/cvspublic
checkout -d xerces1 -r xerces_j_1 xml-xerces
            </source>
        </s2>
	<s2 title="License Information">
		<p>The &javaparsername; &javaparserversion; release is available in both source code
		and precompiled binary (JAR files) form. Both &javaparsername; 
                packages are made available under the <jump href='../../LICENSE'>Apache
                Software License</jump>.
                </p>
	</s2>
	<s2 title="Applications of the &javaparsername; Parser">
		<p>The rich generating and validating capabilities allow the &javaparsername; 
		Parser to be used for: </p>
		<ul>
			<li>Building XML-savvy Web servers. </li>
			<li>The next generation of vertical applications which will use 
				XML as their data format. </li>
			<li>On-the-fly validation for creating XML editors. </li>
			<li>Ensuring the integrity of e-business data expressed in XML. </li>
			<li>Building truly internationalized XML applications. </li>
		</ul>
	</s2>
	<s2 title="XML Schema 1.0 (beta) Support">
		<p>This release includes full support for the W3C XML Schema 
		Recommendation, except for limitations as described on the <link 
        idref="schema">Schema Implementation Limitations</link> page.
        We intend to remove these limitations and fix outstanding
        bugs in the next release of &javaparsername;.</p>
	</s2>
	<s2 title="DOM Level 2 Support">
		<p>This release includes support for DOM Level 2 
		<jump href="http://www.w3.org/TR/DOM-Level-2-Core">Core</jump>,
		<jump href="http://www.w3.org/TR/DOM-Level-2-Events">Events</jump>,
		and <jump href="http://www.w3.org/TR/DOM-Level-2-Traversal-Range">Traversal and Range</jump> modules.
                The DOM Level 2 specification is now a W3C Recommendation.</p>
	</s2>
	<s2 title="SAX 2 Support">
		<p>This release includes support for the <jump href="http://www.megginson.com/SAX/">
		SAX Version 2</jump> API&apos;s which have been finalized.</p>
	</s2>
	<s2 title="Configuration Mechanism">
		<p>&javaparsername; &javaparserversion; uses a collection of methods to configure 
		various settings in the parser. This release includes a new mechanism 
		for setting parser switches. This mechanism uses the SAX2 configuration
		methods that are part of the XMLReader interface. We have defined a series 
		of <link idref="properties">properties</link> and 
		<link idref="features">features</link> for the &javaparsername; 
		options. </p>
	</s2>
</s1>
